<?xml version="1.0" encoding="UTF-8"?>
<wls:weblogic-web-app
	xmlns:wls="http://xmlns.oracle.com/weblogic/weblogic-web-app"
	xmlns:xsi="http://www.w3.org/2001/XMLSchema-instance"
	xsi:schemaLocation="http://java.sun.com/xml/ns/javaee http://java.sun.com/xml/ns/javaee/web-app_2_5.xsd http://xmlns.oracle.com/weblogic/weblogic-web-app http://xmlns.oracle.com/weblogic/weblogic-web-app/1.5/weblogic-web-app.xsd">
	<wls:weblogic-version>12.1.2</wls:weblogic-version>
	<wls:context-root>store</wls:context-root>
	<wls:library-ref>
		<wls:library-name>primefaces</wls:library-name>
		<wls:specification-version>3.5</wls:specification-version>
		<wls:exact-match>true</wls:exact-match>
	</wls:library-ref>

	<wls:security-role-assignment>
		<wls:role-name>User</wls:role-name>
		<wls:externally-defined />
	</wls:security-role-assignment>
    
</wls:weblogic-web-app>